[{
    "id": "0",
    "mainCat": "0",
    "cat": "UIT Plot Scheme",
    "loc": "Rajasthan"
}, {
    "id": "1",
    "mainCat": "0",
    "cat": "APJ Gareeb Avas Yojana",
    "loc": "Rajasthan"
}, {
    "id": "2",
    "mainCat": "0",
    "cat": "Private Portals",
    "loc": "Rajasthan"
}, {
    "id": "3",
    "mainCat": "1",
    "cat": "Leave Your No.. We Will Contact You",
    "loc": "Rajasththan"
}, {
    "id": "4",
    "mainCat": "1",
    "cat": "Do Msz",
    "loc": "Rajasthan"
}, {
    "id": "5",
    "mainCat": "2",
    "cat": "Secondry",
    "loc": "Rajasthan"
}, {
    "id": "6",
    "mainCat": "2",
    "cat": "Higher Secondry",
    "loc": "Rajasthan"
}, {
    "id": "7",
    "mainCat": "2",
    "cat": "Graduation/Diploma",
    "loc": "Rajasthan"
}, {
    "id": "8",
    "mainCat": "2",
    "cat": "Beti Pdao Beti Bachao Yojna",
    "loc": "Rajasthan"
}, {
    "id": "9",
    "mainCat": "2",
    "cat": "Course Portals",
    "loc": "Rajasthan"
}, {
    "id": "10",
    "mainCat": "3",
    "cat": "Electricity",
    "loc": "Rajasthan"
}, {
    "id": "12",
    "mainCat": "3",
    "cat": "Water",
    "loc": "Rajasthan"
}, {
    "id": "13",
    "mainCat": "3",
    "cat": "Education",
    "loc": "Rajasthan"
}, {
    "id": "14",
    "mainCat": "3",
    "cat": "Gas",
    "loc": "Rajasthan"
}, {
    "id": "15",
    "mainCat": "4",
    "cat": "Rates And Remaining Rashan",
    "loc": "Rajasthan"
}, {
    "id": "16",
    "mainCat": "5",
    "cat": "10th Pass",
    "loc": "Rajasthan"
}, {
    "id": "17",
    "mainCat": "5",
    "cat": "Undergraduate",
    "loc": "Rajasthan"
}, {
    "id": "18",
    "mainCat": "5",
    "cat": "Graduate",
    "loc": "Rajasthan"
}, {
    "id": "19",
    "mainCat": "5",
    "cat": "Phd",
    "loc": "Rajasthan"
}, {
    "id": "20",
    "mainCat": "6",
    "cat": "Cost of Pulses",
    "loc": "Rajasthan"
}, {
    "id": "21",
    "mainCat": "7",
    "cat": "cost",
    "loc": "Rajasthan"
}, {
    "id": "22",
    "mainCat": "7",
    "cat": "Type",
    "loc": "Rajasthan"
}, {
    "id": "23",
    "mainCat": "8",
    "cat": "Message",
    "loc": "Rajasthan"
}, {
    "id": "24",
    "mainCat": "8",
    "cat": "Feedback",
    "loc": "Rajasthan"
}]